"id","date","client_name","client_phone","vehicle_registration","vehicle_make","vehicle_model","mileage","next_inspection_date","interior","engine","front","rear","accessories","comments","revision_oil_type","revision_torque","revision_oil_volume","brake_disc_thickness_front","brake_disc_thickness_rear","work_completed"
"11","2024-10-07","ALI-MAHOMED Nayer","0707070707","EE-789-DE","Kia","Sportback","150000","2024-10-26","{}","{}","{}","{}","{}","Test","5W30","42","7,5","10","25","{}"
"12","2024-10-07","ALI-MAHOMED Nayer","0707070707","EE-789-DE","Kia","Sportback","150000","2024-10-26","{""Antivol de roue bon état"":false,""Démarreur"":true,""Témoin tableau de bord"":false,""Rétroviseur"":true,""klaxon"":false,""Frein à main"":true,""essuie glace"":false,""Eclairage"":true,""Jeux au volant"":false}","{""Antivol de roue bon état"":false,""Démarreur"":false,""Témoin tableau de bord"":false,""Rétroviseur"":false,""klaxon"":false,""Frein à main"":false,""essuie glace"":false,""Eclairage"":false,""Jeux au volant"":false,""Teste batterie/alternateur"":true,""Fuite boite"":true,""supports moteur"":true,""Filtre à air"":true}","{""Antivol de roue bon état"":false,""Démarreur"":false,""Témoin tableau de bord"":false,""Rétroviseur"":false,""klaxon"":false,""Frein à main"":false,""essuie glace"":false,""Eclairage"":false,""Jeux au volant"":false,""Roulement"":true,""Parallélisme"":true,""Plaquettes avant"":true,""Biellette barre stab"":true,""Cardans"":true,""Flexible de frein"":true}","{""Antivol de roue bon état"":false,""Démarreur"":false,""Témoin tableau de bord"":false,""Rétroviseur"":false,""klaxon"":false,""Frein à main"":false,""essuie glace"":false,""Eclairage"":false,""Jeux au volant"":false,""Frein AR"":true,""Flexible AR"":true,""Silent Bloc AR"":true}","{""Antivol de roue bon état"":false,""Démarreur"":false,""Témoin tableau de bord"":false,""Rétroviseur"":false,""klaxon"":false,""Frein à main"":false,""essuie glace"":false,""Eclairage"":false,""Jeux au volant"":false,""Antenne radio"":true,""Gilet/Triangle secu"":true}","Test","5W30","42","7,5","10","25","{""Antivol de roue bon état"":false,""Démarreur"":false,""Témoin tableau de bord"":false,""Rétroviseur"":false,""klaxon"":false,""Frein à main"":false,""essuie glace"":false,""Eclairage"":false,""Jeux au volant"":false,""MISE A ZERO VIDANGE"":true,""ETIQUETTE DE VIDANGE"":true,""ETIQUETTE DISTRIBUTION"":true,""PARFUM"":true,""NETTOYAGE"":true}"
"17","2024-10-07","ALI-MAHOMED Nayer","0707070707","EE-789-DE","Kia","Sportback","150000","2024-10-26","{""Démarreur"":true,""Rétroviseur"":true,""Frein à main"":true,""Eclairage"":true}","{""Teste batterie/alternateur"":true,""Fuite boite"":true,""supports moteur"":true,""Filtre à air"":true}","{""Roulement"":true,""Parallélisme"":true,""Plaquettes avant"":true,""Biellette barre stab"":true,""Cardans"":true,""Flexible de frein"":true}","{""Frein AR"":true,""Flexible AR"":true,""Silent Bloc AR"":true}","{""Antenne radio"":true,""Gilet/Triangle secu"":true}","Test","5W30","42","7,5","10","25","{""MISE A ZERO VIDANGE"":true,""ETIQUETTE DE VIDANGE"":true,""ETIQUETTE DISTRIBUTION"":true,""PARFUM"":true,""NETTOYAGE"":true}"
"18","2024-10-07","ALI-MAHOMED Nayer dfsdfdsf","0707070707","EE-789-DE","Kia","Sportback","150000","2024-10-26","{""Démarreur"":true,""Rétroviseur"":true,""Frein à main"":true,""Eclairage"":true}","{""Teste batterie/alternateur"":true,""Fuite boite"":true,""supports moteur"":true,""Filtre à air"":true}","{""Roulement"":true,""Parallélisme"":true,""Plaquettes avant"":true,""Biellette barre stab"":true,""Cardans"":true,""Flexible de frein"":true}","{""Frein AR"":true,""Flexible AR"":true,""Silent Bloc AR"":true}","{""Antenne radio"":true,""Gilet/Triangle secu"":true}","Test","5W30","42","7,5","10","25","{""MISE A ZERO VIDANGE"":true,""ETIQUETTE DE VIDANGE"":true,""ETIQUETTE DISTRIBUTION"":true,""PARFUM"":true,""NETTOYAGE"":true}"
"19","2024-10-07","ALI-MAHOMED Nayer dfsdfdsf","0707070707","EE-789-DE","Kia","Sportback","150000","2024-10-26","{""Démarreur"":true,""Rétroviseur"":true,""Frein à main"":true,""Eclairage"":true}","{""Teste batterie/alternateur"":true,""Fuite boite"":true,""supports moteur"":true,""Filtre à air"":true}","{""Roulement"":true,""Parallélisme"":true,""Plaquettes avant"":true,""Biellette barre stab"":true,""Cardans"":true,""Flexible de frein"":true}","{""Frein AR"":true,""Flexible AR"":true,""Silent Bloc AR"":true}","{""Antenne radio"":true,""Gilet/Triangle secu"":true}","Test","5W30","42","7,5","10","25","{""MISE A ZERO VIDANGE"":true,""ETIQUETTE DE VIDANGE"":true,""ETIQUETTE DISTRIBUTION"":true,""PARFUM"":true,""NETTOYAGE"":true}"
"20","2024-10-07","ALI-MAHOMED Nayer dfsdfdsf","0707070707","EE-789-DE","Kia","Sportback","150000","2024-10-26","{""Démarreur"":true,""Rétroviseur"":true,""Frein à main"":true,""Eclairage"":true}","{""Teste batterie/alternateur"":true,""Fuite boite"":true,""supports moteur"":true,""Filtre à air"":true}","{""Roulement"":true,""Parallélisme"":true,""Plaquettes avant"":true,""Biellette barre stab"":true,""Cardans"":true,""Flexible de frein"":true}","{""Frein AR"":true,""Flexible AR"":true,""Silent Bloc AR"":true}","{""Antenne radio"":true,""Gilet/Triangle secu"":true}","Test","5W30","42","7,5","10","25","{""MISE A ZERO VIDANGE"":true,""ETIQUETTE DE VIDANGE"":true,""ETIQUETTE DISTRIBUTION"":true,""PARFUM"":true,""NETTOYAGE"":true}"
"21","2024-10-07","ALI-MAHOMED Nayer dfsdfdsf","0707070707","EE-789-DE","Kia","Sportback","150000","2024-10-26","{""Démarreur"":true,""Rétroviseur"":true,""Frein à main"":true,""Eclairage"":true}","{""Teste batterie/alternateur"":true,""Fuite boite"":true,""supports moteur"":true,""Filtre à air"":true}","{""Roulement"":true,""Parallélisme"":true,""Plaquettes avant"":true,""Biellette barre stab"":true,""Cardans"":true,""Flexible de frein"":true}","{""Frein AR"":true,""Flexible AR"":true,""Silent Bloc AR"":true}","{""Antenne radio"":true,""Gilet/Triangle secu"":true}","Test","5W30","42","7,5","10","25","{""MISE A ZERO VIDANGE"":true,""ETIQUETTE DE VIDANGE"":true,""ETIQUETTE DISTRIBUTION"":true,""PARFUM"":true,""NETTOYAGE"":true}"
"22","2024-10-07","ALI-MAHOMED Nayer dfsdfdsf","0707070707","EE-789-DE","Kia","Sportback","150000","2024-10-26","{""Démarreur"":true,""Rétroviseur"":true,""Frein à main"":true,""Eclairage"":true}","{""Teste batterie/alternateur"":true,""Fuite boite"":true,""supports moteur"":true,""Filtre à air"":true}","{""Roulement"":true,""Parallélisme"":true,""Plaquettes avant"":true,""Biellette barre stab"":true,""Cardans"":true,""Flexible de frein"":true}","{""Frein AR"":true,""Flexible AR"":true,""Silent Bloc AR"":true}","{""Antenne radio"":true,""Gilet/Triangle secu"":true}","Test","5W30","42","7,5","10","25","{""MISE A ZERO VIDANGE"":true,""ETIQUETTE DE VIDANGE"":true,""ETIQUETTE DISTRIBUTION"":true,""PARFUM"":true,""NETTOYAGE"":true}"
"23","2024-10-07","ALI-MAHOMED Nayer dfsdfdsf","0707070707","EE-789-DE","Kia","Sportback","150000","2024-10-26","{""Démarreur"":true,""Rétroviseur"":true,""Frein à main"":true,""Eclairage"":true}","{""Teste batterie/alternateur"":true,""Fuite boite"":true,""supports moteur"":true,""Filtre à air"":true}","{""Roulement"":true,""Parallélisme"":true,""Plaquettes avant"":true,""Biellette barre stab"":true,""Cardans"":true,""Flexible de frein"":true}","{""Frein AR"":true,""Flexible AR"":true,""Silent Bloc AR"":true}","{""Antenne radio"":true,""Gilet/Triangle secu"":true}","Test","5W30","42","7,5","10","25","{""MISE A ZERO VIDANGE"":true,""ETIQUETTE DE VIDANGE"":true,""ETIQUETTE DISTRIBUTION"":true,""PARFUM"":true,""NETTOYAGE"":true}"
"24","2024-10-07","ALI-MAHOMED Nayer dfsdfdsf","0707070707","EE-789-DE","Kia","Sportback","150000","2024-10-26","{""Démarreur"":true,""Rétroviseur"":true,""Frein à main"":true,""Eclairage"":true}","{""Teste batterie/alternateur"":true,""Fuite boite"":true,""supports moteur"":true,""Filtre à air"":true}","{""Roulement"":true,""Parallélisme"":true,""Plaquettes avant"":true,""Biellette barre stab"":true,""Cardans"":true,""Flexible de frein"":true}","{""Frein AR"":true,""Flexible AR"":true,""Silent Bloc AR"":true}","{""Antenne radio"":true,""Gilet/Triangle secu"":true}","Test","5W30","42","7,5","10","25","{""MISE A ZERO VIDANGE"":true,""ETIQUETTE DE VIDANGE"":true,""ETIQUETTE DISTRIBUTION"":true,""PARFUM"":true,""NETTOYAGE"":true}"
"25","2024-10-07","Nayer dfsdfdsf","0707070707","EE-789-DE","Kia","Sportback","150000","2024-10-26","{""Antivol de roue bon état"":false,""Démarreur"":true,""Témoin tableau de bord"":false,""Rétroviseur"":true,""klaxon"":false,""Frein à main"":true,""essuie glace"":false,""Eclairage"":true,""Jeux au volant"":false}","{""Teste batterie/alternateur"":true,""Plaque immat AV"":false,""Fuite boite"":true,""Fuite moteur"":false,""supports moteur"":true,""Liquide de frein"":false,""Filtre à air"":true,""Courroie accessoire"":false}","{""Roulement"":true,""Pneus avant"":false,""Parallélisme"":true,""Disque avant"":false,""Plaquettes avant"":true,""Amortisseur avant"":false,""Biellette barre stab"":true,""Direction complet"":false,""Cardans"":true,""Triangles avant"":false,""Flexible de frein"":true}","{""Pneus AR"":false,""Frein AR"":true,""Roulement AR"":false,""Flexible AR"":true,""Amortisseur AR"":false,""Silent Bloc AR"":true}","{""Plaque immat AR"":false,""Antenne radio"":true,""Roue de secours"":false,""Gilet/Triangle secu"":true,""Crique / Clé roue"":false}","Test","5W30","42","7,5","10","25","{""MISE A ZERO VIDANGE"":true,""ROUE SERRER AU COUPLE"":false,""ETIQUETTE DE VIDANGE"":true,""ETIQUETTE DISTRIBUTION"":true,""ETIQUETTE PLAQUETTE"":false,""PARFUM"":true,""NETTOYAGE"":true}"